iso_code,latitude,longitude,names,created_at,updated_at,en_name,ja_name,iso_alpha2
470,35.8989,14.5146,"{""be"":""Мальта"",""cs"":""Malta"",""da"":""Malta"",""de"":""Malta"",""en"":""Malta"",""es"":""Malta"",""et"":""Malta"",""fr"":""Malte"",""ga"":""Málta"",""hi"":""माल्टा"",""hu"":""Málta"",""it"":""Malta"",""ja"":""マルタ"",""ko"":""몰타"",""ms"":""Málta"",""nl"":""Malta"",""no"":""Malta"",""pl"":""Malta"",""pt"":""Malta"",""ta"":""மால்டா"",""zh_Hans_CN"":""马耳他"",""zh_Hant_TW"":""馬爾他""}",2025-07-12T05:26:29.724Z,2025-07-12T05:26:29.724Z,Malta,マルタ,mt
36,-35.2809,149.13,"{""be"":""Аўстралія"",""cs"":""Austrálie"",""da"":""Australien"",""de"":""Australien"",""en"":""Australia"",""es"":""Australia"",""et"":""Austraalia"",""fr"":""Australie"",""ga"":""Astráil"",""hi"":""ऑस्ट्रेलिया"",""hu"":""Ausztrália"",""it"":""Australia"",""ja"":""オーストラリア"",""ko"":""호주"",""ms"":""Ausztrália"",""nl"":""Australië"",""no"":""Australia"",""pl"":""Australia"",""pt"":""Austrália"",""ta"":""ஆஸ்திரேலியா"",""zh_Hans_CN"":""澳大利亚"",""zh_Hant_TW"":""澳大利亞""}",2025-07-12T05:26:29.724Z,2025-07-12T05:26:29.724Z,Australia,オーストラリア,au
56,50.8503,4.3517,"{""be"":""Бельгія"",""cs"":""Belgie"",""da"":""Belgien"",""de"":""Belgien"",""en"":""Belgium"",""es"":""Bélgica"",""et"":""Belgia"",""fr"":""Belgique"",""ga"":""an Bheilg"",""hi"":""बेल्जियम"",""hu"":""Belgium"",""it"":""Belgio"",""ja"":""ベルギー"",""ko"":""벨기에"",""ms"":""Belgium"",""nl"":""België"",""no"":""Belgia"",""pl"":""Belgia"",""pt"":""Bélgica"",""ta"":""பெல்ஜியம்"",""zh_Hans_CN"":""比利时"",""zh_Hant_TW"":""比利時""}",2025-07-12T05:26:29.724Z,2025-07-12T05:26:29.724Z,Belgium,ベルギー,be
76,-15.8267,-47.9218,"{""be"":""Бразілія"",""cs"":""Brazílie"",""da"":""Brasilien"",""de"":""Brasilien"",""en"":""Brazil"",""es"":""Brasil"",""et"":""Brasiilia"",""fr"":""Brésil"",""ga"":""an Bhrasaíl"",""hi"":""ब्राज़ील"",""hu"":""Brazília"",""it"":""Brasile"",""ja"":""ブラジル"",""ko"":""브라질"",""ms"":""Brazília"",""nl"":""Brazilië"",""no"":""Brasil"",""pl"":""Brazylia"",""pt"":""Brasil"",""ta"":""பிரேசில்"",""zh_Hans_CN"":""巴西"",""zh_Hant_TW"":""巴西""}",2025-07-12T05:26:29.724Z,2025-07-12T05:26:29.724Z,Brazil,ブラジル,br
100,42.6977,23.3219,"{""be"":""Балгарыя"",""cs"":""Bulharsko"",""da"":""Bulgarien"",""de"":""Bulgarien"",""en"":""Bulgaria"",""es"":""Bulgaria"",""et"":""Bulgaaria"",""fr"":""Bulgarie"",""ga"":""Bhulgáir"",""hi"":""बल्गारिया"",""hu"":""Bulgária"",""it"":""Bulgaria"",""ja"":""ブルガリア"",""ko"":""불가리아"",""ms"":""Bulgária"",""nl"":""Bulgarije"",""no"":""Bulgaria"",""pl"":""Bułgaria"",""pt"":""Bulgária"",""ta"":""பல்கேரியா"",""zh_Hans_CN"":""保加利亚"",""zh_Hant_TW"":""保加利亞""}",2025-07-12T05:26:29.724Z,2025-07-12T05:26:29.724Z,Bulgaria,ブルガリア,bg
152,-33.4489,-70.6693,"{""be"":""Чылі"",""cs"":""Chile"",""da"":""Chile"",""de"":""Chile"",""en"":""Chile"",""es"":""Chile"",""et"":""Tšiili"",""fr"":""Chili"",""ga"":""an tSile"",""hi"":""चिली"",""hu"":""Chile"",""it"":""Cile"",""ja"":""チリ"",""ko"":""칠레"",""ms"":""Chile"",""nl"":""Chili"",""no"":""Chile"",""pl"":""Chile"",""pt"":""Chile"",""ta"":""சிலி"",""zh_Hans_CN"":""智利"",""zh_Hant_TW"":""智利""}",2025-07-12T05:26:29.724Z,2025-07-12T05:26:29.724Z,Chile,チリ,cl
124,45.4215,-75.6972,"{""be"":""Канада"",""cs"":""Kanada"",""da"":""Canada"",""de"":""Kanada"",""en"":""Canada"",""es"":""Canadá"",""et"":""Kanada"",""fr"":""Canada"",""ga"":""Ceanada"",""hi"":""कनाडा"",""hu"":""Kanada"",""it"":""Canada"",""ja"":""カナダ"",""ko"":""캐나다"",""ms"":""Kanada"",""nl"":""Canada"",""no"":""Canada"",""pl"":""Kanada"",""pt"":""Canadá"",""ta"":""கனடா"",""zh_Hans_CN"":""加拿大"",""zh_Hant_TW"":""加拿大""}",2025-07-12T05:26:29.724Z,2025-07-12T05:26:29.724Z,Canada,カナダ,ca
156,39.9042,116.4074,"{""be"":""Кітай"",""cs"":""Čína"",""da"":""Kina"",""de"":""China"",""en"":""China"",""es"":""China"",""et"":""Hiina"",""fr"":""Chine"",""ga"":""tSín"",""hi"":""चीन"",""hu"":""Kína"",""it"":""Cina"",""ja"":""中国"",""ko"":""중국"",""ms"":""Kína"",""nl"":""China"",""no"":""Kina"",""pl"":""Chiny"",""pt"":""China"",""ta"":""சீனா"",""zh_Hans_CN"":""中国"",""zh_Hant_TW"":""中國""}",2025-07-12T05:26:29.724Z,2025-07-12T05:26:29.724Z,China,中国,cn
191,45.815,15.9819,"{""be"":""Харватыя"",""cs"":""Chorvatsko"",""da"":""Kroatien"",""de"":""Kroatien"",""en"":""Croatia"",""es"":""Croacia"",""et"":""Horvaatia"",""fr"":""Croatie"",""ga"":""an Chróit"",""hi"":""क्रोएशिया"",""hu"":""Horvátország"",""it"":""Croazia"",""ja"":""クロアチア"",""ko"":""크로아티아"",""ms"":""Horvátország"",""nl"":""Kroatië"",""no"":""Kroatia"",""pl"":""Chorwacja"",""pt"":""Croácia"",""ta"":""குரோஷியா"",""zh_Hans_CN"":""克罗地亚"",""zh_Hant_TW"":""克羅埃西亞""}",2025-07-12T05:26:29.724Z,2025-07-12T05:26:29.724Z,Croatia,クロアチア,hr
196,35.1856,33.3823,"{""be"":""Кіпр"",""cs"":""Kypr"",""da"":""Cypern"",""de"":""Zypern"",""en"":""Cyprus"",""es"":""Chipre"",""et"":""Küpros"",""fr"":""Chypre"",""ga"":""an Chipir"",""hi"":""साइप्रस"",""hu"":""Ciprus"",""it"":""Cipro"",""ja"":""キプロス"",""ko"":""키프로스"",""ms"":""Ciprus"",""nl"":""Cyprus"",""no"":""Kypros"",""pl"":""Cypr"",""pt"":""Chipre"",""ta"":""சைப்ரஸ்"",""zh_Hans_CN"":""塞浦路斯"",""zh_Hant_TW"":""賽普勒斯""}",2025-07-12T05:26:29.724Z,2025-07-12T05:26:29.724Z,Cyprus,キプロス,cy
208,55.6761,12.5683,"{""be"":""Данія"",""cs"":""Dánsko"",""da"":""Danmark"",""de"":""Dänemark"",""en"":""Denmark"",""es"":""Dinamarca"",""et"":""Taani"",""fr"":""Danemark"",""ga"":""an Danmhairg"",""hi"":""डेनमार्क"",""hu"":""Dánia"",""it"":""Danimarca"",""ja"":""デンマーク"",""ko"":""덴마크"",""ms"":""Denmark"",""nl"":""Denemarken"",""no"":""Danmark"",""pl"":""Dania"",""pt"":""Dinamarca"",""ta"":""டென்மார்க்"",""zh_Hans_CN"":""丹麦"",""zh_Hant_TW"":""丹麥""}",2025-07-12T05:26:29.724Z,2025-07-12T05:26:29.724Z,Denmark,デンマーク,dk
233,59.437,24.7535,"{""be"":""Эстонія"",""cs"":""Estonsko"",""da"":""Estland"",""de"":""Estland"",""en"":""Estonia"",""es"":""Estonia"",""et"":""Eesti"",""fr"":""Estonie"",""ga"":""an Eastóin"",""hi"":""एस्टोनिया"",""hu"":""Észtország"",""it"":""Estonia"",""ja"":""エストニア"",""ko"":""에스토니아"",""ms"":""Észtország"",""nl"":""Estland"",""no"":""Estland"",""pl"":""Estonia"",""pt"":""Estónia"",""ta"":""எஸ்டோனியா"",""zh_Hans_CN"":""爱沙尼亚"",""zh_Hant_TW"":""愛沙尼亞""}",2025-07-12T05:26:29.724Z,2025-07-12T05:26:29.724Z,Estonia,エストニア,ee
818,30.0444,31.2357,"{""be"":""Егіпет"",""cs"":""Egypt"",""da"":""Egypten"",""de"":""Ägypten"",""en"":""Egypt"",""es"":""Egipto"",""et"":""Egiptus"",""fr"":""Egypte"",""ga"":""Éigipt"",""hi"":""मिस्र"",""hu"":""Egyiptom"",""it"":""Egitto"",""ja"":""エジプト"",""ko"":""이집트"",""ms"":""Egyiptom"",""nl"":""Egypte"",""no"":""Egypt"",""pl"":""Egipt"",""pt"":""Egito"",""ta"":""எகிப்து"",""zh_Hans_CN"":""埃及"",""zh_Hant_TW"":""埃及""}",2025-07-12T05:26:29.724Z,2025-07-12T05:26:29.724Z,Egypt,エジプト,eg
398,51.1694,71.4491,"{""be"":""Казахстан"",""cs"":""Kazachstán"",""da"":""Kasakhstan"",""de"":""Kasachstan"",""en"":""Kazakhstan"",""es"":""Kazajistán"",""et"":""Kasahstan"",""fr"":""Kazakhstan"",""ga"":""Chasacstáin"",""hi"":""कज़ाकिस्तान"",""hu"":""Kazahsztán"",""it"":""Kazakistan"",""ja"":""カザフスタン"",""ko"":""카자흐스탄"",""ms"":""Kazahsztán"",""nl"":""Kazachstan"",""no"":""Kasakhstan"",""pl"":""Kazachstan"",""pt"":""Cazaquistão"",""ta"":""கஜகஸ்தான்"",""zh_Hans_CN"":""哈萨克斯坦"",""zh_Hant_TW"":""哈薩克""}",2025-07-12T05:26:29.724Z,2025-07-12T05:26:29.724Z,Kazakhstan,カザフスタン,kz
788,36.8065,10.1815,"{""be"":""Туніс"",""cs"":""Tunisko"",""da"":""Tunesien"",""de"":""Tunesien"",""en"":""Tunisia"",""es"":""Túnez"",""et"":""Tuneesia"",""fr"":""Tunisie"",""ga"":""an Túinéis"",""hi"":""ट्यूनीशिया"",""hu"":""Tunézia"",""it"":""Tunisia"",""ja"":""チュニジア"",""ko"":""튀니지"",""ms"":""Tunisia"",""nl"":""Tunesië"",""no"":""Tunisia"",""pl"":""Tunezja"",""pt"":""Tunísia"",""ta"":""துனிசியா"",""zh_Hans_CN"":""突尼斯"",""zh_Hant_TW"":""突尼西亞""}",2026-03-23T10:33:04.208Z,2026-03-23T10:33:04.208Z,Tunisia,チュニジア,tn
376,31.7683,35.2137,"{""be"":""Ізраіль"",""cs"":""Izrael"",""da"":""Israel"",""de"":""Israel"",""en"":""Israel"",""es"":""Israel"",""et"":""Iisrael"",""fr"":""Israël"",""ga"":""Iosrael"",""hi"":""इज़राइल"",""hu"":""Izrael"",""it"":""Israele"",""ja"":""イスラエル"",""ko"":""이스라엘"",""ms"":""Izrael"",""nl"":""Israël"",""no"":""Israel"",""pl"":""Izrael"",""pt"":""Israel"",""ta"":""இஸ்ரேல்"",""zh_Hans_CN"":""以色列"",""zh_Hant_TW"":""以色列""}",2025-07-12T05:26:29.724Z,2025-07-12T05:26:29.724Z,Israel,イスラエル,il
356,28.6139,77.209,"{""be"":""Індыя"",""cs"":""Indie"",""da"":""Indien"",""de"":""Indien"",""en"":""India"",""es"":""India"",""et"":""India"",""fr"":""Inde"",""ga"":""India"",""hi"":""भारत"",""hu"":""India"",""it"":""India"",""ja"":""インド"",""ko"":""인도"",""ms"":""India"",""nl"":""Indië"",""no"":""India"",""pl"":""Indie"",""pt"":""Índia"",""ta"":""இந்தியா"",""zh_Hans_CN"":""印度"",""zh_Hant_TW"":""印度""}",2025-07-12T05:26:29.724Z,2025-07-12T05:26:29.724Z,India,インド,in
380,41.8719,12.5674,"{""be"":""Італія"",""cs"":""Itálie"",""da"":""Italien"",""de"":""Italien"",""en"":""Italy"",""es"":""Italia"",""et"":""Itaalia"",""fr"":""Italie"",""ga"":""an Iodáil"",""hi"":""इटली"",""hu"":""Olaszország"",""it"":""Italia"",""ja"":""イタリア"",""ko"":""이탈리아"",""ms"":""Olaszország"",""nl"":""Italië"",""no"":""Italia"",""pl"":""Włochy"",""pt"":""Itália"",""ta"":""இத்தாலி"",""zh_Hans_CN"":""意大利"",""zh_Hant_TW"":""義大利""}",2025-07-12T05:26:29.724Z,2025-07-12T05:26:29.724Z,Italy,イタリア,it
392,35.6895,139.6917,"{""be"":""Японія"",""cs"":""Japonsko"",""da"":""Japan"",""de"":""Japan"",""en"":""Japan"",""es"":""Japón"",""et"":""Jaapan"",""fr"":""Japon"",""ga"":""an tSeapáin"",""hi"":""जापान"",""hu"":""Japán"",""it"":""Giappone"",""ja"":""日本"",""ko"":""일본"",""ms"":""Japán"",""nl"":""Japan"",""no"":""Japan"",""pl"":""Japonia"",""pt"":""Japão"",""ta"":""ஜப்பான்"",""zh_Hans_CN"":""日本"",""zh_Hant_TW"":""日本""}",2025-07-12T05:26:29.724Z,2025-07-12T05:26:29.724Z,Japan,日本,jp
300,37.9838,23.7275,"{""be"":""Грэцыя"",""cs"":""Řecko"",""da"":""Grækenland"",""de"":""Griechenland"",""en"":""Greece"",""es"":""Grecia"",""et"":""Kreeka"",""fr"":""Grèce"",""ga"":""an Ghréig"",""hi"":""ग्रीस"",""hu"":""Görögország"",""it"":""Grecia"",""ja"":""ギリシャ"",""ko"":""그리스"",""ms"":""Görögország"",""nl"":""Griekenland"",""no"":""Hellas"",""pl"":""Grecja"",""pt"":""Grécia"",""ta"":""கிரீஸ்"",""zh_Hans_CN"":""希腊"",""zh_Hant_TW"":""希臘""}",2025-07-12T05:26:29.724Z,2025-07-12T05:26:29.724Z,Greece,ギリシャ,gr
344,22.3193,114.1694,"{""be"":""Ганконг"",""cs"":""Hongkong"",""da"":""Hong Kong"",""de"":""Hongkong"",""en"":""Hong Kong"",""es"":""Hong Kong"",""et"":""Hongkong"",""fr"":""Hong Kong"",""ga"":""Hong Cong"",""hi"":""हाँग काँग"",""hu"":""Hongkong"",""it"":""Hong Kong"",""ja"":""香港"",""ko"":""홍콩"",""ms"":""Hong Kong"",""nl"":""Hongkong"",""no"":""Hong Kong"",""pl"":""Hongkong"",""pt"":""Hong Kong"",""ta"":""ஹாங்காங்"",""zh_Hans_CN"":""香港"",""zh_Hant_TW"":""香港""}",2025-07-12T05:26:29.724Z,2025-07-12T05:26:29.724Z,Hong Kong,香港,hk
348,47.4979,19.0402,"{""be"":""Венгрыя"",""cs"":""Maďarsko"",""da"":""Ungarn"",""de"":""Ungarn"",""en"":""Hungary"",""es"":""Hungría"",""et"":""Ungari"",""fr"":""Hongrie"",""ga"":""an Ungáir"",""hi"":""हंगरी"",""hu"":""Magyarország"",""it"":""Ungheria"",""ja"":""ハンガリー"",""ko"":""헝가리"",""ms"":""Magyarország"",""nl"":""Hongarije"",""no"":""Ungarn"",""pl"":""Węgry"",""pt"":""Hungria"",""ta"":""ஹங்கேரி"",""zh_Hans_CN"":""匈牙利"",""zh_Hant_TW"":""匈牙利""}",2025-07-12T05:26:29.724Z,2025-07-12T05:26:29.724Z,Hungary,ハンガリー,hu
364,35.6892,51.389,"{""be"":""Іран"",""cs"":""Írán"",""da"":""Iran"",""de"":""Iran"",""en"":""Iran"",""es"":""Irán"",""et"":""Iraan"",""fr"":""L'Iran"",""ga"":""Iaráin"",""hi"":""ईरान"",""hu"":""Irán"",""it"":""Iran"",""ja"":""イラン"",""ko"":""이란"",""ms"":""Irán"",""nl"":""Iran"",""no"":""Iran"",""pl"":""Iran"",""pt"":""Irã"",""ta"":""ஈரான்"",""zh_Hans_CN"":""伊朗"",""zh_Hant_TW"":""伊朗""}",2025-07-12T05:26:29.724Z,2025-07-12T05:26:29.724Z,Iran,イラン,ir
372,53.3498,-6.2603,"{""be"":""Ірландыя"",""cs"":""Irsko"",""da"":""Irland"",""de"":""Irland"",""en"":""Ireland"",""es"":""Irlanda"",""et"":""Iirimaa"",""fr"":""Irlande"",""ga"":""Éire"",""hi"":""आयरलैंड"",""hu"":""Írország"",""it"":""Irlanda"",""ja"":""アイルランド"",""ko"":""아일랜드"",""ms"":""Írország"",""nl"":""Ierland"",""no"":""Irland"",""pl"":""Irlandia"",""pt"":""Irlanda"",""ta"":""அயர்லாந்து"",""zh_Hans_CN"":""爱尔兰"",""zh_Hant_TW"":""愛爾蘭""}",2025-07-12T05:26:29.724Z,2025-07-12T05:26:29.724Z,Ireland,アイルランド,ie
428,56.9496,24.1052,"{""be"":""Латвія"",""cs"":""Lotyšsko"",""da"":""Letland"",""de"":""Lettland"",""en"":""Latvia"",""es"":""Letonia"",""et"":""Läti"",""fr"":""Lettonie"",""ga"":""an Laitvia"",""hi"":""लातविया"",""hu"":""Lettország"",""it"":""Lettonia"",""ja"":""ラトビア"",""ko"":""라트비아"",""ms"":""Lettország"",""nl"":""Letland"",""no"":""Latvia"",""pl"":""Łotwa"",""pt"":""Letónia"",""ta"":""லாட்வியா"",""zh_Hans_CN"":""拉脱维亚"",""zh_Hant_TW"":""拉脫維亞""}",2025-07-12T05:26:29.724Z,2025-07-12T05:26:29.724Z,Latvia,ラトビア,lv
440,54.6872,25.2797,"{""be"":""Літва"",""cs"":""Litva"",""da"":""Litauen"",""de"":""Litauen"",""en"":""Lithuania"",""es"":""Lituania"",""et"":""Leedu"",""fr"":""Lituanie"",""ga"":""an Liotuáin"",""hi"":""लिथुआनिया"",""hu"":""Litvánia"",""it"":""Lituania"",""ja"":""リトアニア"",""ko"":""리투아니아"",""ms"":""Litvánia"",""nl"":""Litouwen"",""no"":""Litauen"",""pl"":""Litwa"",""pt"":""Lituânia"",""ta"":""லிதுவேனியா"",""zh_Hans_CN"":""立陶宛"",""zh_Hant_TW"":""立陶宛""}",2025-07-12T05:26:29.724Z,2025-07-12T05:26:29.724Z,Lithuania,リトアニア,lt
414,29.3759,47.9774,"{""be"":""Кувейт"",""cs"":""Kuvajt"",""da"":""Kuwait"",""de"":""Kuwait"",""en"":""Kuwait"",""es"":""Kuwait"",""et"":""Kuveit"",""fr"":""Koweit"",""ga"":""Cuáit"",""hi"":""कुवैत"",""hu"":""Kuvait"",""it"":""Kuwait"",""ja"":""クウェート"",""ko"":""쿠웨이트"",""ms"":""Kuvait"",""nl"":""Koeweit"",""no"":""Kuwait"",""pl"":""Kuwejt"",""pt"":""Kuwait"",""ta"":""குவைத்"",""zh_Hans_CN"":""科威特"",""zh_Hant_TW"":""科威特""}",2025-07-12T05:26:29.724Z,2025-07-12T05:26:29.724Z,Kuwait,クウェート,kw
608,14.5995,120.9842,"{""be"":""Філіпіны"",""cs"":""Filipíny"",""da"":""Filippinerne"",""de"":""Philippinen"",""en"":""Philippines"",""es"":""Filipinas"",""et"":""Filipiinid"",""fr"":""Philippines"",""ga"":""hOileáin Fhilipíneacha"",""hi"":""फिलिपीन्स"",""hu"":""Fülöp-szigetek"",""it"":""Filippine"",""ja"":""フィリピン"",""ko"":""필리핀"",""ms"":""Fülöp-szigeteki"",""nl"":""Filippijnen"",""no"":""Filippinene"",""pl"":""Filipiny"",""pt"":""Filipinas"",""ta"":""பிலிப்பைன்ஸ்"",""zh_Hans_CN"":""菲律宾"",""zh_Hant_TW"":""菲律賓""}",2025-07-12T05:26:29.724Z,2025-07-12T05:26:29.724Z,Philippines,フィリピン,ph
528,52.3676,4.9041,"{""be"":""Нідэрланды"",""cs"":""Nizozemí"",""da"":""Holland"",""de"":""Niederlande"",""en"":""Netherlands"",""es"":""Países Bajos"",""et"":""Holland"",""fr"":""Pays-Bas"",""ga"":""Ísiltír"",""hi"":""नीदरलैंड्स"",""hu"":""Hollandia"",""it"":""Paesi Bassi"",""ja"":""オランダ"",""ko"":""네덜란드"",""ms"":""Hollandia"",""nl"":""Nederland"",""no"":""Nederland"",""pl"":""Niderlandy"",""pt"":""Países Baixos"",""ta"":""நெதர்லாந்து"",""zh_Hans_CN"":""荷兰"",""zh_Hant_TW"":""荷蘭""}",2025-07-12T05:26:29.724Z,2025-07-12T05:26:29.724Z,Netherlands,オランダ,nl
586,33.6844,73.0479,"{""be"":""Пакістан"",""cs"":""Pákistán"",""da"":""Pakistan"",""de"":""Pakistan"",""en"":""Pakistan"",""es"":""Pakistán"",""et"":""Pakistan"",""fr"":""Pakistan"",""ga"":""Phacastáin"",""hi"":""पाकिस्तान"",""hu"":""Pakisztán"",""it"":""Pakistan"",""ja"":""パキスタン"",""ko"":""파키스탄"",""ms"":""Pakisztán"",""nl"":""Pakistan"",""no"":""Pakistan"",""pl"":""Pakistan"",""pt"":""Paquistão"",""ta"":""பாகிஸ்தான்"",""zh_Hans_CN"":""巴基斯坦"",""zh_Hant_TW"":""巴基斯坦""}",2025-07-12T05:26:29.724Z,2025-07-12T05:26:29.724Z,Pakistan,パキスタン,pk
504,33.9716,-6.8498,"{""be"":""Марока"",""cs"":""Maroko"",""da"":""Marokko"",""de"":""Marokko"",""en"":""Morocco"",""es"":""Marruecos"",""et"":""Maroko"",""fr"":""Maroc"",""ga"":""Maracó"",""hi"":""मोरक्को"",""hu"":""Marokkó"",""it"":""Marocco"",""ja"":""モロッコ"",""ko"":""모로코"",""ms"":""Marokkó"",""nl"":""Marokko"",""no"":""Marokko"",""pl"":""Maroko"",""pt"":""Marrocos"",""ta"":""மொராக்கோ"",""zh_Hans_CN"":""摩洛哥"",""zh_Hant_TW"":""摩洛哥""}",2025-07-12T05:26:29.724Z,2025-07-12T05:26:29.724Z,Morocco,モロッコ,ma
352,64.1355,-21.8954,"{""be"":""Ісландыя"",""cs"":""Island"",""da"":""Island"",""de"":""Island"",""en"":""Iceland"",""es"":""Islandia"",""et"":""Island"",""fr"":""Islande"",""ga"":""Íoslainn"",""hi"":""आइसलैंड"",""hu"":""Izland"",""it"":""Islanda"",""ja"":""アイスランド"",""ko"":""아이슬란드"",""ms"":""Izland"",""nl"":""IJsland"",""no"":""Island"",""pl"":""Islandia"",""pt"":""Islândia"",""ta"":""ஐஸ்லாந்து"",""zh_Hans_CN"":""冰岛"",""zh_Hant_TW"":""冰島""}",2025-07-12T05:26:29.724Z,2025-07-12T05:26:29.724Z,Iceland,アイスランド,is
616,52.2297,21.0122,"{""be"":""Польшчы"",""cs"":""Polsko"",""da"":""Polen"",""de"":""Polen"",""en"":""Poland"",""es"":""Polonia"",""et"":""Poola"",""fr"":""Pologne"",""ga"":""an Pholainn"",""hi"":""पोलैंड"",""hu"":""Lengyelország"",""it"":""Polonia"",""ja"":""ポーランド"",""ko"":""폴란드"",""ms"":""Lengyelország"",""nl"":""Polen"",""no"":""Polen"",""pl"":""Polska"",""pt"":""Polónia"",""ta"":""போலந்து"",""zh_Hans_CN"":""波兰"",""zh_Hant_TW"":""波蘭""}",2025-07-12T05:26:29.724Z,2025-07-12T05:26:29.724Z,Poland,ポーランド,pl
688,44.7866,20.4489,"{""be"":""Сербія"",""cs"":""Srbsko"",""da"":""Serbien"",""de"":""Serbien"",""en"":""Serbia"",""es"":""Serbia"",""et"":""Serbia"",""fr"":""Serbie"",""ga"":""Seirbia"",""hi"":""सर्बिया"",""hu"":""Szerbia"",""it"":""Serbia"",""ja"":""セルビア"",""ko"":""세르비아"",""ms"":""Szerbia"",""nl"":""Servië"",""no"":""Serbia"",""pl"":""Serbia"",""pt"":""Sérvia"",""ta"":""செர்பியா"",""zh_Hans_CN"":""塞尔维亚"",""zh_Hant_TW"":""塞爾維亞""}",2025-07-12T05:26:29.724Z,2025-07-12T05:26:29.724Z,Serbia,セルビア,rs
620,38.7223,-9.1393,"{""be"":""Партугалія"",""cs"":""Portugalsko"",""da"":""Portugal"",""de"":""Portugal"",""en"":""Portugal"",""es"":""Portugal"",""et"":""Portugal"",""fr"":""Portugal"",""ga"":""an Phortaingéil"",""hi"":""पुर्तगाल"",""hu"":""Portugália"",""it"":""Portogallo"",""ja"":""ポルトガル"",""ko"":""포르투갈"",""ms"":""Portugália"",""nl"":""Portugal"",""no"":""Portugal"",""pl"":""Portugalia"",""pt"":""Portugal"",""ta"":""போர்ச்சுகல்"",""zh_Hans_CN"":""葡萄牙"",""zh_Hant_TW"":""葡萄牙""}",2025-07-12T05:26:29.724Z,2025-07-12T05:26:29.724Z,Portugal,ポルトガル,pt
702,1.3521,103.8198,"{""be"":""Сінгапур"",""cs"":""Singapur"",""da"":""Singapore"",""de"":""Singapur"",""en"":""Singapore"",""es"":""Singapur"",""et"":""Singapur"",""fr"":""Singapour"",""ga"":""Singeapór"",""hi"":""सिंगापुर"",""hu"":""Szingapúr"",""it"":""Singapore"",""ja"":""シンガポール"",""ko"":""싱가포르"",""ms"":""Szingapúr"",""nl"":""Singapore"",""no"":""Singapore"",""pl"":""Singapur"",""pt"":""Singapura"",""ta"":""சிங்கப்பூர்"",""zh_Hans_CN"":""新加坡"",""zh_Hant_TW"":""新加坡""}",2025-07-12T05:26:29.724Z,2025-07-12T05:26:29.724Z,Singapore,シンガポール,sg
40,48.2082,16.3738,"{""be"":""Аўстрыя"",""cs"":""Rakousko"",""da"":""Østrig"",""de"":""Österreich"",""en"":""Austria"",""es"":""Austria"",""et"":""Austria"",""fr"":""Autriche"",""ga"":""Ostair"",""hi"":""ऑस्ट्रिया"",""hu"":""Ausztria"",""it"":""Austria"",""ja"":""オーストリア"",""ko"":""오스트리아"",""ms"":""Ausztria"",""nl"":""Oostenrijk"",""no"":""Østerrike"",""pl"":""Austria"",""pt"":""Áustria"",""ta"":""ஆஸ்திரியா"",""zh_Hans_CN"":""奥地利"",""zh_Hant_TW"":""奧地利""}",2025-07-12T05:26:29.724Z,2025-07-12T05:26:29.724Z,Austria,オーストリア,at
484,19.4326,-99.1332,"{""be"":""Мексіка"",""cs"":""Mexiko"",""da"":""Mexico"",""de"":""Mexiko"",""en"":""Mexico"",""es"":""México"",""et"":""Mehhiko"",""fr"":""Mexique"",""ga"":""Meicsiceo"",""hi"":""मेक्सिको"",""hu"":""Mexikó"",""it"":""Messico"",""ja"":""メキシコ"",""ko"":""멕시코"",""ms"":""Mexikó"",""nl"":""Mexico"",""no"":""Mexico"",""pl"":""Meksyk"",""pt"":""México"",""ta"":""மெக்ஸிகோ"",""zh_Hans_CN"":""墨西哥"",""zh_Hant_TW"":""墨西哥""}",2025-07-12T05:26:29.724Z,2025-07-12T05:26:29.724Z,Mexico,メキシコ,mx
578,59.9139,10.7522,"{""be"":""Нарвегія"",""cs"":""Norsko"",""da"":""Norge"",""de"":""Norwegen"",""en"":""Norway"",""es"":""Noruega"",""et"":""Norra"",""fr"":""Norvège"",""ga"":""Iorua"",""hi"":""नॉर्वे"",""hu"":""Norvégia"",""it"":""Norvegia"",""ja"":""ノルウェー"",""ko"":""노르웨이"",""ms"":""Norvégia"",""nl"":""Noorwegen"",""no"":""Norge"",""pl"":""Norwegia"",""pt"":""Noruega"",""ta"":""நோர்வே"",""zh_Hans_CN"":""挪威"",""zh_Hant_TW"":""挪威""}",2025-07-12T05:26:29.724Z,2025-07-12T05:26:29.724Z,Norway,ノルウェー,no
642,44.4268,26.1025,"{""be"":""Румынія"",""cs"":""Rumunsko"",""da"":""Rumænien"",""de"":""Rumänien"",""en"":""Romania"",""es"":""Rumania"",""et"":""Rumeenia"",""fr"":""Roumanie"",""ga"":""an Rómáin"",""hi"":""रोमानिया"",""hu"":""Románia"",""it"":""Romania"",""ja"":""ルーマニア"",""ko"":""루마니아"",""ms"":""Románia"",""nl"":""Roemenië"",""no"":""Romania"",""pl"":""Rumunia"",""pt"":""Roménia"",""ta"":""ருமேனியா"",""zh_Hans_CN"":""罗马尼亚"",""zh_Hant_TW"":""羅馬尼亞""}",2025-07-12T05:26:29.724Z,2025-07-12T05:26:29.724Z,Romania,ルーマニア,ro
643,55.7558,37.6176,"{""be"":""Расія"",""cs"":""Rusko"",""da"":""Rusland"",""de"":""Russland"",""en"":""Russia"",""es"":""Rusia"",""et"":""Venemaa"",""fr"":""Russie"",""ga"":""Rúis"",""hi"":""रूस"",""hu"":""Oroszország"",""it"":""Russia"",""ja"":""ロシア"",""ko"":""러시아"",""ms"":""Oroszország"",""nl"":""Rusland"",""no"":""Russland"",""pl"":""Rosja"",""pt"":""Rússia"",""ta"":""ரஷ்யா"",""zh_Hans_CN"":""俄罗斯"",""zh_Hant_TW"":""俄羅斯""}",2025-07-12T05:26:29.724Z,2025-07-12T05:26:29.724Z,Russia,ロシア,ru
804,50.4501,30.5234,"{""be"":""Украіна"",""cs"":""Ukrajina"",""da"":""Ukraine"",""de"":""Ukraine"",""en"":""Ukraine"",""es"":""Ucrania"",""et"":""Ukraina"",""fr"":""Ukraine"",""ga"":""Úcráin"",""hi"":""यूक्रेन"",""hu"":""Ukrajna"",""it"":""Ucraina"",""ja"":""ウクライナ"",""ko"":""우크라이나"",""ms"":""Ukrajna"",""nl"":""Oekraïne"",""no"":""Ukraina"",""pl"":""Ukraina"",""pt"":""Ucrânia"",""ta"":""உக்ரைன்"",""zh_Hans_CN"":""乌克兰"",""zh_Hant_TW"":""烏克蘭""}",2025-07-12T05:26:29.724Z,2025-07-12T05:26:29.724Z,Ukraine,ウクライナ,ua
860,41.2995,69.2401,"{""be"":""Узбекістан"",""cs"":""Uzbekistán"",""da"":""Usbekistan"",""de"":""Usbekistan"",""en"":""Uzbekistan"",""es"":""Uzbekistán"",""et"":""Usbekistan"",""fr"":""Ouzbékistan"",""ga"":""Úisbéiceastáin"",""hi"":""उज़्बेकिस्तान"",""hu"":""Üzbegisztán"",""it"":""Uzbekistan"",""ja"":""ウズベキスタン"",""ko"":""우즈베키스탄"",""ms"":""Üzbegisztán"",""nl"":""Oezbekistan"",""no"":""Usbekistan"",""pl"":""Uzbekistan"",""pt"":""Uzbequistão"",""ta"":""உஸ்பெகிஸ்தான்"",""zh_Hans_CN"":""乌兹别克斯坦"",""zh_Hant_TW"":""烏茲別克""}",2025-07-12T05:26:29.724Z,2025-07-12T05:26:29.724Z,Uzbekistan,ウズベキスタン,uz
752,59.3293,18.0686,"{""be"":""Швецыя"",""cs"":""Švédsko"",""da"":""Sverige"",""de"":""Schweden"",""en"":""Sweden"",""es"":""Suecia"",""et"":""Rootsi"",""fr"":""Suède"",""ga"":""an tSualainn"",""hi"":""स्वीडन"",""hu"":""Svédország"",""it"":""Svezia"",""ja"":""スウェーデン"",""ko"":""스웨덴"",""ms"":""Svédország"",""nl"":""Zweden"",""no"":""Sverige"",""pl"":""Szwecja"",""pt"":""Suécia"",""ta"":""ஸ்வீடன்"",""zh_Hans_CN"":""瑞典"",""zh_Hant_TW"":""瑞典""}",2025-07-12T05:26:29.724Z,2025-07-12T05:26:29.724Z,Sweden,スウェーデン,se
756,46.9481,7.4474,"{""be"":""Швейцарыя"",""cs"":""Švýcarsko"",""da"":""Schweiz"",""de"":""Schweiz"",""en"":""Switzerland"",""es"":""Suiza"",""et"":""Šveits"",""fr"":""Suisse"",""ga"":""Eilvéis"",""hi"":""स्विट्ज़रलैंड"",""hu"":""Svájc"",""it"":""Svizzera"",""ja"":""スイス"",""ko"":""스위스"",""ms"":""Svájc"",""nl"":""Zwitserland"",""no"":""Sveits"",""pl"":""Szwajcaria"",""pt"":""Suíça"",""ta"":""சுவிட்சர்லாந்து"",""zh_Hans_CN"":""瑞士"",""zh_Hant_TW"":""瑞士""}",2025-07-12T05:26:29.724Z,2025-07-12T05:26:29.724Z,Switzerland,スイス,ch
203,50.0755,14.4378,"{""be"":""чэшская"",""cs"":""čeština"",""da"":""tjekkisk"",""de"":""Tschechien"",""en"":""Czech"",""es"":""Chequia"",""et"":""tšehhi"",""fr"":""Tchéquie"",""ga"":""Seiceach"",""hi"":""चेक"",""hu"":""Cseh"",""it"":""Cechia"",""ja"":""チェコ"",""ko"":""체코"",""ms"":""Ceko"",""nl"":""Tsjechisch"",""no"":""Tsjekkia"",""pl"":""czeski"",""pt"":""Checo"",""ta"":""செக்"",""zh_Hans_CN"":""捷克"",""zh_Hant_TW"":""捷克""}",2025-07-12T05:26:29.724Z,2025-07-12T05:26:29.724Z,Czech,チェコ,cz
792,39.9334,32.8597,"{""be"":""Турцыя"",""cs"":""Turecko"",""da"":""Kalkun"",""de"":""Türkei"",""en"":""Turkey"",""es"":""Turquía"",""et"":""Türgi"",""fr"":""Turquie"",""ga"":""Tuirc"",""hi"":""तुर्की"",""hu"":""Törökország"",""it"":""Turchia"",""ja"":""トルコ"",""ko"":""터키"",""ms"":""Törökország"",""nl"":""Kalkoen"",""no"":""Tyrkia"",""pl"":""Indyk"",""pt"":""Peru"",""ta"":""துருக்கி"",""zh_Hans_CN"":""土耳其"",""zh_Hant_TW"":""土耳其""}",2025-07-12T05:26:29.724Z,2025-07-12T05:26:29.724Z,Turkey,トルコ,tr
410,37.5665,126.978,"{""be"":""Паўднёвая Карэя"",""cs"":""Jižní Korea"",""da"":""Sydkorea"",""de"":""Südkorea"",""en"":""South Korea"",""es"":""Corea del Sur"",""et"":""Lõuna-Korea"",""fr"":""Corée du Sud"",""ga"":""An Chóiré Theas"",""hi"":""दक्षिण कोरिया"",""hu"":""Dél-Korea"",""it"":""Corea del Sud"",""ja"":""韓国"",""ko"":""한국"",""ms"":""Dél-Korea"",""nl"":""Zuid-Korea"",""no"":""Sør-Korea"",""pl"":""Korea Południowa"",""pt"":""Coreia do Sul"",""ta"":""தென் கொரியா"",""zh_Hans_CN"":""韩国"",""zh_Hant_TW"":""韓國""}",2025-07-12T05:26:29.724Z,2025-07-12T05:26:29.724Z,South Korea,韓国,kr
764,13.7563,100.5018,"{""be"":""Тайланд"",""cs"":""Thajsko"",""da"":""Thailand"",""de"":""Thailand"",""en"":""Thailand"",""es"":""Tailandia"",""et"":""Tai"",""fr"":""Thaïlande"",""ga"":""Téalainn"",""hi"":""थाईलैंड"",""hu"":""Thaiföld"",""it"":""Thailandia"",""ja"":""タイ"",""ko"":""태국"",""ms"":""Thaiföld"",""nl"":""Thailand"",""no"":""Thailand"",""pl"":""Tajlandia"",""pt"":""Tailândia"",""ta"":""தாய்லாந்து"",""zh_Hans_CN"":""泰国"",""zh_Hant_TW"":""泰國""}",2025-07-12T05:26:29.724Z,2025-07-12T05:26:29.724Z,Thailand,タイ,th
704,21.0285,105.8542,"{""be"":""В'етнам"",""cs"":""Vietnam"",""da"":""Vietnam"",""de"":""Vietnam"",""en"":""Vietnam"",""es"":""Vietnam"",""et"":""Vietnam"",""fr"":""Vietnam"",""ga"":""Vítneam"",""hi"":""वियतनाम"",""hu"":""Vietnam"",""it"":""Viet Nam"",""ja"":""ベトナム"",""ko"":""베트남"",""ms"":""Vietnam"",""nl"":""Vietnam"",""no"":""Vietnam"",""pl"":""Wietnam"",""pt"":""Vietnã"",""ta"":""வியட்நாம்"",""zh_Hans_CN"":""越南"",""zh_Hant_TW"":""越南""}",2025-07-12T05:26:29.724Z,2025-07-12T05:26:29.724Z,Vietnam,ベトナム,vn
170,4.711,-74.0721,"{""be"":""Калумбія"",""cs"":""Kolumbie"",""da"":""Colombia"",""de"":""Kolumbien"",""en"":""Colombia"",""es"":""Colombia"",""et"":""Kolumbia"",""fr"":""Colombie"",""ga"":""an Cholóim"",""hi"":""कोलम्बिया"",""hu"":""Kolumbia"",""it"":""Colombia"",""ja"":""コロンビア"",""ko"":""콜롬비아"",""ms"":""Colombia"",""nl"":""Colombia"",""no"":""Colombia"",""pl"":""Kolumbia"",""pt"":""Colômbia"",""ta"":""கொலம்பியா"",""zh_Hans_CN"":""哥伦比亚"",""zh_Hant_TW"":""哥倫比亞""}",2025-07-12T05:26:29.724Z,2025-07-12T05:26:29.724Z,Colombia,コロンビア,co
158,25.0329,121.5654,"{""be"":""Тайвань"",""cs"":""Tchaj-wan"",""da"":""Taiwan"",""de"":""Taiwan"",""en"":""Taiwan"",""es"":""Taiwán"",""et"":""Taiwan"",""fr"":""Taïwan"",""ga"":""Taiwan"",""hi"":""ताइवान"",""hu"":""Tajvan"",""it"":""Taiwan"",""ja"":""台湾"",""ko"":""대만"",""ms"":""Tajvani"",""nl"":""Taiwan"",""no"":""Taiwan"",""pl"":""Tajwan"",""pt"":""Taiwan"",""ta"":""தைவான்"",""zh_Hans_CN"":""台湾"",""zh_Hant_TW"":""台灣""}",2025-07-12T05:26:29.724Z,2025-07-12T05:26:29.724Z,Taiwan,台湾,tw
9999,0,0,{},2025-08-03T05:47:25.866Z,2025-08-03T05:47:25.866Z,,多国籍チーム,
0,0.0,0.0,"{""be"":""-"",""cs"":""-"",""da"":""-"",""de"":""-"",""en"":""-"",""es"":""-"",""et"":""-"",""fr"":""-"",""ga"":""-"",""hi"":""-"",""hu"":""-"",""it"":""-"",""ja"":""-"",""ko"":""-"",""ms"":""-"",""nl"":""-"",""no"":""-"",""pl"":""-"",""pt"":""-"",""ta"":""-"",""zh_Hans_CN"":""-"",""zh_Hant_TW"":""-""}",2025-07-12T05:26:29.724Z,2025-07-12T05:26:29.724Z,,出場者未定/国名なし,
705,46.0569,14.5058,"{""be"":""Славенія"",""cs"":""Slovinsko"",""da"":""Slovenien"",""de"":""Slowenien"",""en"":""Slovenia"",""es"":""Eslovenia"",""et"":""Sloveenia"",""fr"":""Slovène"",""ga"":""an tSlóivéin"",""hi"":""स्लोवेनिया"",""hu"":""Szlovénia"",""it"":""Slovenia"",""ja"":""スロベニア"",""ko"":""슬로베니아"",""ms"":""Szlovénia"",""nl"":""Slovenië"",""no"":""Slovenia"",""pl"":""Słowenia"",""pt"":""Eslovénia"",""ta"":""ஸ்லோவேனியா"",""zh_Hans_CN"":""斯洛文尼亚"",""zh_Hant_TW"":""斯洛維尼亞""}",2025-07-12T05:26:29.724Z,2025-07-12T05:26:29.724Z,Slovenia,スロベニア,si
516,-22.5609,17.0658,"{""be"":""Намібія"",""cs"":""Namibie"",""da"":""Namibia"",""de"":""Namibia"",""en"":""Namibia"",""es"":""Namibia"",""et"":""Namiibia"",""fr"":""Namibie"",""ga"":""Namaib"",""hi"":""नामिविया"",""hu"":""Namíbia"",""it"":""Namibia"",""ja"":""ナミビア"",""ko"":""나미비아"",""ms"":""Namíbia"",""nl"":""Namibië"",""no"":""Namibia"",""pl"":""Namibia"",""pt"":""Namíbia"",""ta"":""நமீபியா"",""zh_Hans_CN"":""纳米比亚"",""zh_Hant_TW"":""納米比亞""}",2025-07-12T05:26:29.724Z,2025-07-12T05:26:29.724Z,Namibia,ナミビア,na
724,40.4168,-3.7038,"{""be"":""Іспанія"",""cs"":""Španělsko"",""da"":""Spanien"",""de"":""Spanien"",""en"":""Spain"",""es"":""España"",""et"":""Hispaania"",""fr"":""Espagne"",""ga"":""Spáinn"",""hi"":""स्पेन"",""hu"":""Spanyolország"",""it"":""Spagna"",""ja"":""スペイン"",""ko"":""스페인"",""ms"":""Spanyolország"",""nl"":""Spanje"",""no"":""Spania"",""pl"":""Hiszpania"",""pt"":""Espanha"",""ta"":""ஸ்பெயின்"",""zh_Hans_CN"":""西班牙"",""zh_Hant_TW"":""西班牙""}",2025-07-12T05:26:29.724Z,2025-07-12T05:26:29.724Z,Spain,スペイン,es
826,51.5074,-0.1278,"{""be"":""Вялікабрытанія"",""cs"":""Spojené království"",""da"":""Storbritannien"",""de"":""Vereinigtes Königreich"",""en"":""United Kingdom"",""es"":""Reino Unido"",""et"":""Ühendkuningriik"",""fr"":""Royaume-Uni"",""ga"":""An Ríocht Aontaithe"",""hi"":""ब्रिटेन"",""hu"":""Egyesült Királyság"",""it"":""Regno Unito"",""ja"":""イギリス"",""ko"":""영국"",""ms"":""Egyesült Királyság"",""nl"":""Verenigd Koninkrijk"",""no"":""Storbritannia"",""pl"":""Zjednoczone Królestwo"",""pt"":""Reino Unido"",""ta"":""ஐக்கிய இராச்சியம்"",""zh_Hans_CN"":""英国"",""zh_Hant_TW"":""英國""}",2025-07-12T05:26:29.724Z,2025-07-12T05:26:29.724Z,United Kingdom,イギリス,gb
276,52.52,13.405,"{""be"":""Нямеччына"",""cs"":""Německo"",""da"":""Tyskland"",""de"":""Deutschland"",""en"":""Germany"",""es"":""Alemania"",""et"":""Saksamaa"",""fr"":""Allemagne"",""ga"":""an Ghearmáin"",""hi"":""जर्मनी"",""hu"":""Németország"",""it"":""Germania"",""ja"":""ドイツ"",""ko"":""독일"",""ms"":""Németország"",""nl"":""Duitsland"",""no"":""Tyskland"",""pl"":""Niemcy"",""pt"":""Alemanha"",""ta"":""ஜெர்மனி"",""zh_Hans_CN"":""德国"",""zh_Hant_TW"":""德國""}",2025-07-12T05:26:29.724Z,2025-07-12T05:26:29.724Z,Germany,ドイツ,de
710,-25.7479,28.2293,"{""be"":""Паўднёвая Афрыка"",""cs"":""Jižní Afrika"",""da"":""Sydafrika"",""de"":""Südafrika"",""en"":""South Africa"",""es"":""Sudáfrica"",""et"":""Lõuna-Aafrika"",""fr"":""Afrique du Sud"",""ga"":""Afraic Theas"",""hi"":""दक्षिण अफ्रीका"",""hu"":""Dél-Afrika"",""it"":""Sudafrica"",""ja"":""南アフリカ"",""ko"":""남아프리카"",""ms"":""Dél-Afrika"",""nl"":""Zuid-Afrika"",""no"":""Sør-Afrika"",""pl"":""Republika Południowej Afryki"",""pt"":""África do Sul"",""ta"":""தென்னாப்பிரிக்கா"",""zh_Hans_CN"":""南非"",""zh_Hant_TW"":""南非""}",2025-07-12T05:26:29.724Z,2025-07-12T05:26:29.724Z,South Africa,南アフリカ,za
703,48.1486,17.1077,"{""be"":""Славакія"",""cs"":""Slovensko"",""da"":""Slovakiet"",""de"":""Slowakei"",""en"":""Slovakia"",""es"":""Eslovaquia"",""et"":""Slovakkia"",""fr"":""Slovaquie"",""ga"":""an tSlóvaic"",""hi"":""स्लोवाकिया"",""hu"":""Szlovákia"",""it"":""Slovacchia"",""ja"":""スロバキア"",""ko"":""슬로바키아"",""ms"":""Szlovákia"",""nl"":""Slowakije"",""no"":""Slovakia"",""pl"":""Słowacja"",""pt"":""Eslováquia"",""ta"":""ஸ்லோவாக்கியா"",""zh_Hans_CN"":""斯洛伐克"",""zh_Hant_TW"":""斯洛伐克""}",2025-07-12T05:26:29.724Z,2025-07-12T05:26:29.724Z,Slovakia,スロバキア,sk
250,48.8566,2.3522,"{""be"":""Францыя"",""cs"":""Francie"",""da"":""Frankrig"",""de"":""Frankreich"",""en"":""France"",""es"":""Francia"",""et"":""Prantsusmaa"",""fr"":""France"",""ga"":""Fhrainc"",""hi"":""फ्रांस"",""hu"":""Francia"",""it"":""Francia"",""ja"":""フランス"",""ko"":""프랑스"",""ms"":""Franciaország"",""nl"":""Frankrijk"",""no"":""Frankrike"",""pl"":""Francja"",""pt"":""França"",""ta"":""பிரான்ஸ்"",""zh_Hans_CN"":""法国"",""zh_Hant_TW"":""法國""}",2025-07-12T05:26:29.724Z,2025-07-12T05:26:29.724Z,France,フランス,fr
442,49.6117,6.13,"{""be"":""Люксембург"",""cs"":""Lucembursko"",""da"":""Luxembourg"",""de"":""Luxemburg"",""en"":""Luxembourg"",""es"":""Luxemburgo"",""et"":""Luksemburg"",""fr"":""Luxembourg"",""ga"":""Lucsamburg"",""hi"":""लक्समबर्ग"",""hu"":""Luxemburg"",""it"":""Lussemburgo"",""ja"":""ルクセンブルク"",""ko"":""룩셈부르크"",""ms"":""Luxemburg"",""nl"":""Luxemburg"",""no"":""Luxembourg"",""pl"":""Luksemburg"",""pt"":""Luxemburgo"",""ta"":""லக்சம்பர்க்"",""zh_Hans_CN"":""卢森堡"",""zh_Hant_TW"":""盧森堡""}",2025-07-12T05:26:29.724Z,2025-07-12T05:26:29.724Z,Luxembourg,ルクセンブルク,lu
458,3.139,101.6869,"{""be"":""Малайзія"",""cs"":""Malajsie"",""da"":""Malaysia"",""de"":""Malaysia"",""en"":""Malaysia"",""es"":""Malasia"",""et"":""Malaisia"",""fr"":""Malaisie"",""ga"":""Mhalaeisia"",""hi"":""मलेशिया"",""hu"":""Malajzia"",""it"":""Malesia"",""ja"":""マレーシア"",""ko"":""말레이시아"",""ms"":""Malaysia"",""nl"":""Maleisië"",""no"":""Malaysia"",""pl"":""Malezja"",""pt"":""Malásia"",""ta"":""மலேசியா"",""zh_Hans_CN"":""马来西亚"",""zh_Hant_TW"":""馬來西亞""}",2025-07-12T05:26:29.724Z,2025-07-12T05:26:29.724Z,Malaysia,マレーシア,my
554,-41.2865,174.7762,"{""be"":""Новая Зеландыя"",""cs"":""Nový Zéland"",""da"":""New Zealand"",""de"":""Neuseeland"",""en"":""New Zealand"",""es"":""Nueva Zelanda"",""et"":""Uus-Meremaa"",""fr"":""Nouvelle-Zélande"",""ga"":""an Nua-Shéalainn"",""hi"":""न्यूजीलैंड"",""hu"":""Új-Zéland"",""it"":""Nuova Zelanda"",""ja"":""ニュージーランド"",""ko"":""뉴질랜드"",""ms"":""Új-Zéland"",""nl"":""Nieuw-Zeeland"",""no"":""New Zealand"",""pl"":""Nowa Zelandia"",""pt"":""Nova Zelândia"",""ta"":""நியூசிலாந்து"",""zh_Hans_CN"":""新西兰"",""zh_Hant_TW"":""紐西蘭""}",2025-07-12T05:26:29.724Z,2025-07-12T05:26:29.724Z,New Zealand,ニュージーランド,nz
682,24.7136,46.6753,"{""be"":""Саудаўская Аравія"",""cs"":""Saúdská Arábie"",""da"":""Saudi-Arabien"",""de"":""Saudi-Arabien"",""en"":""Saudi Arabia"",""es"":""Arabia Saudita"",""et"":""Saudi Araabia"",""fr"":""Arabie Saoudite"",""ga"":""An Araib Shádach"",""hi"":""सऊदी अरब"",""hu"":""Szaúd-Arábia"",""it"":""Arabia Saudita"",""ja"":""サウジアラビア"",""ko"":""사우디아라비아"",""ms"":""Szaúd-Arábia"",""nl"":""Saoedi-Arabië"",""no"":""Saudi-Arabia"",""pl"":""Arabia Saudyjska"",""pt"":""Arábia Saudita"",""ta"":""சவுதி அரேபியா"",""zh_Hans_CN"":""沙特阿拉伯"",""zh_Hant_TW"":""沙烏地阿拉伯""}",2025-07-12T05:26:29.724Z,2025-07-12T05:26:29.724Z,Saudi Arabia,サウジアラビア,sa
31,40.3777,49.892,"{""be"":""Азербайджан"",""cs"":""Ázerbajdžán"",""da"":""Aserbajdsjan"",""de"":""Aserbaidschan"",""en"":""Azerbaijan"",""es"":""Azerbaiyán"",""et"":""Aserbaidžaan"",""fr"":""Azerbaïdjan"",""ga"":""Asarbaiseáin"",""hi"":""अज़रबैजान"",""hu"":""Azerbajdzsán"",""it"":""Azerbaigian"",""ja"":""アゼルバイジャン"",""ko"":""아제르바이잔"",""ms"":""Azerbajdzsán"",""nl"":""Azerbeidzjan"",""no"":""Aserbajdsjan"",""pl"":""Azerbejdżan"",""pt"":""Azerbaijão"",""ta"":""அஜர்பைஜான்"",""zh_Hans_CN"":""阿塞拜疆"",""zh_Hant_TW"":""亞塞拜然""}",2025-07-12T05:26:29.724Z,2025-07-12T05:26:29.724Z,Azerbaijan,アゼルバイジャン,az
360,-6.2088,106.8456,"{""be"":""Інданезія"",""cs"":""Indonésie"",""da"":""Indonesien"",""de"":""Indonesien"",""en"":""Indonesia"",""es"":""Indonesia"",""et"":""Indoneesia"",""fr"":""Indonésie"",""ga"":""Indinéis"",""hi"":""इंडोनेशिया"",""hu"":""Indonézia"",""it"":""Indonesia"",""ja"":""インドネシア"",""ko"":""인도네시아"",""ms"":""Indonézia"",""nl"":""Indonesië"",""no"":""Indonesia"",""pl"":""Indonezja"",""pt"":""Indonésia"",""ta"":""இந்தோனேசியா"",""zh_Hans_CN"":""印度尼西亚"",""zh_Hant_TW"":""印度尼西亞""}",2025-07-12T05:26:29.724Z,2025-07-12T05:26:29.724Z,Indonesia,インドネシア,id
840,38.9072,-77.0369,"{""be"":""ЗША"",""cs"":""Spojené státy"",""da"":""USA"",""de"":""Vereinigte Staaten"",""en"":""United States"",""es"":""Estados Unidos"",""et"":""Ameerika Ühendriigid"",""fr"":""États-Unis"",""ga"":""Stáit Aontaithe Mheiriceá"",""hi"":""अमेरिका"",""hu"":""Egyesült Államok"",""it"":""Stati Uniti"",""ja"":""アメリカ"",""ko"":""미국"",""ms"":""Egyesült Államok"",""nl"":""Verenigde Staten"",""no"":""USA"",""pl"":""Stany Zjednoczone"",""pt"":""Estados Unidos"",""ta"":""யுனைடெட் ஸ்டேட்ஸ்"",""zh_Hans_CN"":""美国"",""zh_Hant_TW"":""美國""}",2025-07-12T05:26:29.724Z,2025-07-12T05:26:29.724Z,United States,アメリカ,us
246,60.1695,24.9354,"{""be"":""Фінляндыя"",""cs"":""Finsko"",""da"":""Finland"",""de"":""Finnland"",""en"":""Finland"",""es"":""Finlandia"",""et"":""Soome"",""fr"":""Finlande"",""ga"":""an Fhionlainn"",""hi"":""फिनलैंड"",""hu"":""Finnország"",""it"":""Finlandia"",""ja"":""フィンランド"",""ko"":""핀란드"",""ms"":""Finnország"",""nl"":""Finland"",""no"":""Finland"",""pl"":""Finlandia"",""pt"":""Finlândia"",""ta"":""பின்லாந்து"",""zh_Hans_CN"":""芬兰"",""zh_Hant_TW"":""芬蘭""}",2025-07-12T05:26:29.724Z,2025-07-12T05:26:29.724Z,Finland,フィンランド,fi
32,-34.6037,-58.3816,"{""be"":""Аргенціна"",""cs"":""Argentina"",""da"":""Argentina"",""de"":""Argentinien"",""en"":""Argentina"",""es"":""Argentina"",""et"":""Argentina"",""fr"":""Argentine"",""ga"":""an Airgintín"",""hi"":""अर्जेंटीना"",""hu"":""Argentína"",""it"":""Argentina"",""ja"":""アルゼンチン"",""ko"":""아르헨티나"",""ms"":""Argentína"",""nl"":""Argentinië"",""no"":""Argentina"",""pl"":""Argentyna"",""pt"":""Argentina"",""ta"":""அர்ஜென்டினா"",""zh_Hans_CN"":""阿根廷"",""zh_Hant_TW"":""阿根廷""}",2025-07-12T05:26:29.724Z,2025-07-12T05:26:29.724Z,Argentina,アルゼンチン,ar
